,Average RTT,Average TCP,Average throughput
0,0.7501206718804019,-0.5062150296132151,-0.7446674774367564
1,-1.2319725811027262,0.8274180718230371,-0.15378773054567813
2,0.5169652540996014,-0.34333022019351783,1.4073852508875322
