,Total UL and DL,Dur. (ms),sessions frequency
0,-0.01677879810007518,5.426540072003077,0.046624331334286666
1,0.010122137847893025,-0.05011471511747163,2.8077339212518924
2,1.2558020842157485,-0.24062738734933672,-0.2181865967867102
3,-0.003390564329710895,-0.41683689783820255,-0.23263372999152665
4,-0.012356241728042526,1.3310774931318536,-0.21042140673371956
5,-1.2674448757018941,-0.25494523755719495,-0.22009602476046353
